filename,variance_delta_q_v,mean_delta_q_v,cycle_life
FastCharge_000000_CH19_structure.json,0.012518896,-0.113527147,490
FastCharge_000001_CH16_structure.json,0.011927558,-0.11381532,666
FastCharge_000001_CH30_structure.json,0.01048603,-0.108813773,772
FastCharge_000001_CH38_structure.json,0.011286598,-0.112049377,541
FastCharge_000002_CH10_structure.json,0.003212045,-0.059045799,1009
FastCharge_000002_CH18_structure.json,0.003910489,-0.065174065,828
FastCharge_000002_CH26_structure.json,0,-0.488146483,0
FastCharge_000002_CH2_structure.json,0.003537711,-0.061946095,813
FastCharge_000002_CH34_structure.json,0.003178149,-0.057008564,825
FastCharge_000002_CH42_structure.json,0.002697935,-0.053597277,1284
FastCharge_000002_CH47_structure.json,0.00221396,-0.041544759,1935
FastCharge_000002_CH7_structure.json,0.002770639,-0.053998294,1046
FastCharge_000003_CH39_structure.json,0.004873706,-0.072671878,742
FastCharge_000003_CH40_structure.json,0.006359649,-0.08406884,703
FastCharge_000004_CH1_structure.json,0.005157134,-0.078546094,663
FastCharge_000004_CH2_structure.json,0.003278922,-0.063113465,982
FastCharge_000004_CH3_structure.json,0.003427012,-0.061260896,1061
FastCharge_000005_CH18_structure.json,0.014988304,-0.12809366,524
FastCharge_000006_CH11_structure.json,0.0032154,-0.059475249,1063
FastCharge_000006_CH19_structure.json,0.004741808,-0.073529313,1039
FastCharge_000006_CH27_structure.json,0.00400566,-0.06803961,1315
FastCharge_000006_CH35_structure.json,0.003601169,-0.062770072,989
FastCharge_000006_CH3_structure.json,0.003729529,-0.063170478,935
FastCharge_000006_CH43_structure.json,0.002943538,-0.056319339,1158
FastCharge_000006_CH48_structure.json,0.002275708,-0.04757153,1156
FastCharge_000006_CH8_structure.json,0.003773193,-0.063552047,940
FastCharge_000007_CH24_structure.json,0.006241587,-0.083805329,876
FastCharge_000007_CH39_structure.json,0.005198059,-0.075758329,858
FastCharge_000008_CH47_structure.json,0.006551659,-0.081118453,616
FastCharge_000008_CH48_structure.json,0.008086774,-0.093962921,599
FastCharge_000009_CH4_structure.json,0.014688122,-0.131059885,525
FastCharge_000009_CH7_structure.json,0.014512158,-0.127644915,488
FastCharge_000009_CH8_structure.json,0.017005094,-0.136557263,499
FastCharge_000010_CH44_structure.json,0.014425391,-0.127556941,488
FastCharge_000011_CH26_structure.json,0.010894126,-0.112112425,523
FastCharge_000012_CH13_structure.json,0.004505149,-0.070702332,1115
FastCharge_000012_CH15_structure.json,0.003545277,-0.060354614,827
FastCharge_000012_CH21_structure.json,0.004715118,-0.071278417,932
FastCharge_000012_CH23_structure.json,0.005946282,-0.081416923,858
FastCharge_000012_CH29_structure.json,0.004183144,-0.068791483,1155
FastCharge_000012_CH37_structure.json,0.004291554,-0.068256436,850
FastCharge_000012_CH45_structure.json,0.003176819,-0.058598182,923
FastCharge_000012_CH5_structure.json,0.003467235,-0.058765244,786
FastCharge_000013_CH13_structure.json,0.003434684,-0.063083104,905
FastCharge_000013_CH14_structure.json,0.004296621,-0.069548508,788
FastCharge_000014_CH23_structure.json,0.004111002,-0.067775718,862
FastCharge_000014_CH24_structure.json,0.005279593,-0.07661718,857
FastCharge_000015_CH12_structure.json,0.004244904,-0.069423297,1267
FastCharge_000015_CH14_structure.json,0.004505474,-0.071316572,1048
FastCharge_000015_CH20_structure.json,0.00553248,-0.078388637,817
FastCharge_000015_CH22_structure.json,0.005912256,-0.080603442,816
FastCharge_000015_CH28_structure.json,0.004181114,-0.069148564,1146
FastCharge_000015_CH36_structure.json,0.0047866,-0.073916793,1028
FastCharge_000015_CH44_structure.json,0.004129678,-0.06712445,1093
FastCharge_000015_CH4_structure.json,0.004649868,-0.070576269,796
FastCharge_000016_CH17_structure.json,0.015292795,-0.129390775,526
FastCharge_000017_CH17_structure.json,0.002694427,-0.050365187,1836
FastCharge_000017_CH1_structure.json,0.00323674,-0.059610694,1078
FastCharge_000017_CH25_structure.json,0.002096549,-0.043051826,1638
FastCharge_000017_CH33_structure.json,0.001834163,-0.045376472,2189
FastCharge_000017_CH41_structure.json,0.001595666,-0.037294546,2237
FastCharge_000017_CH46_structure.json,0.001701958,-0.040830467,1390
FastCharge_000017_CH6_structure.json,0.002128736,-0.039180913,1642
FastCharge_000017_CH9_structure.json,0.0021116,-0.043238408,1801
FastCharge_000018_CH18_structure.json,0.009670936,-0.104730134,788
FastCharge_000019_CH29_structure.json,0.007116023,-0.089877943,731
FastCharge_000019_CH30_structure.json,0.007465228,-0.091271235,757
FastCharge_000020_CH23_structure.json,0.01504492,-0.128746633,563
FastCharge_000021_CH28_structure.json,0.016822405,-0.136073137,492
FastCharge_000022_CH24_structure.json,0.0128634,-0.120593576,496
FastCharge_000023_CH37_structure.json,0.006544371,-0.08593537,704
FastCharge_000023_CH38_structure.json,0.007794047,-0.094489306,648
FastCharge_000024_CH45_structure.json,0.012676279,-0.121194825,480
FastCharge_000025_CH7_structure.json,0.003237572,-0.059700842,1074
FastCharge_000026_CH5_structure.json,0.002773895,-0.05805808,209
FastCharge_000026_CH6_structure.json,0.003347004,-0.058451819,483
FastCharge_000027_CH31_structure.json,0.012247257,-0.117528351,508
FastCharge_000028_CH19_structure.json,0.004015261,-0.06790489,878
FastCharge_000028_CH20_structure.json,0.005471608,-0.079388572,1054
FastCharge_000029_CH10_structure.json,0.00405217,-0.063819744,636
FastCharge_000029_CH9_structure.json,0.008408215,-0.099548597,870
FastCharge_000030_CH30_structure.json,0.013486574,-0.124549674,510
FastCharge_000031_CH9_structure.json,0.022688124,-0.155102061,327
FastCharge_000032_CH22_structure.json,0.014115686,-0.127036445,541
FastCharge_000033_CH14_structure.json,0.013420398,-0.124932815,508
FastCharge_000034_CH27_structure.json,0.017140083,-0.1398904,506
FastCharge_000035_CH12_structure.json,0.023551273,-0.162922433,362
FastCharge_000036_CH48_structure.json,0.005371814,-0.076776158,746
FastCharge_000037_CH21_structure.json,0.003663232,-0.06465103,901
FastCharge_000037_CH22_structure.json,0.00427902,-0.068923733,896
FastCharge_000038_CH13_structure.json,0.018923136,-0.146853405,472
FastCharge_000039_CH27_structure.json,0.007502725,-0.093043468,860
FastCharge_000039_CH28_structure.json,0.00682936,-0.088750808,917
FastCharge_000040_CH32_structure.json,0.01017967,-0.107469989,520
FastCharge_000041_CH10_structure.json,0.010580051,-0.097797438,171
FastCharge_000042_CH36_structure.json,0.012150542,-0.117259409,487
FastCharge_000043_CH16_structure.json,0.01284785,-0.119732242,597
FastCharge_000044_CH11_structure.json,0.011729599,-0.115476533,534
FastCharge_000044_CH12_structure.json,0.011633504,-0.116388242,559
FastCharge_000045_CH1_structure.json,0.001463148,-0.042336865,1189
FastCharge_000045_CH2_structure.json,0.000961384,-0.034088772,1178
FastCharge_000045_CH3_structure.json,0.000876926,-0.032934,1176
FastCharge_000046_CH31_structure.json,0.003788195,-0.065064905,890
FastCharge_000046_CH32_structure.json,0.00422808,-0.066988846,1014
FastCharge_000047_CH21_structure.json,0.017893572,-0.143384954,521
FastCharge_000048_CH43_structure.json,0.00680275,-0.088661815,966
FastCharge_000048_CH44_structure.json,0.005701894,-0.08122158,1051
FastCharge_000049_CH37_structure.json,0.013120199,-0.119090183,561
FastCharge_000050_CH32_structure.json,0.004229035,-0.068676713,1002
FastCharge_000050_CH40_structure.json,0.004965255,-0.073892249,731
FastCharge_000051_CH15_structure.json,0.005305806,-0.076538071,880
FastCharge_000051_CH16_structure.json,0.00448304,-0.069720124,719
FastCharge_000052_CH41_structure.json,0.014986776,-0.12922075,531
FastCharge_000053_CH42_structure.json,0.011742833,-0.115642873,453
FastCharge_000054_CH15_structure.json,0.015655636,-0.132973125,546
FastCharge_000055_CH20_structure.json,0.014933379,-0.132603187,532
FastCharge_000056_CH11_structure.json,0.016090866,-0.134516535,465
FastCharge_000057_CH35_structure.json,0.007206216,-0.092426591,709
FastCharge_000057_CH36_structure.json,0.00737661,-0.092170881,876
FastCharge_000058_CH45_structure.json,0.008954623,-0.101122125,702
FastCharge_000058_CH46_structure.json,0.007177416,-0.090011635,651
FastCharge_000059_CH33_structure.json,0.011953954,-0.116585502,545
FastCharge_000060_CH29_structure.json,0.019152344,-0.145068783,521
FastCharge_000061_CH43_structure.json,0.013849574,-0.125278066,493
FastCharge_000062_CH47_structure.json,0.011550552,-0.115135996,450
FastCharge_000063_CH5_structure.json,0.002913888,-0.060289664,1226
FastCharge_000063_CH6_structure.json,0.002059309,-0.050437319,1226
FastCharge_000064_CH39_structure.json,0.010963426,-0.111097863,488
FastCharge_000065_CH33_structure.json,0.006951737,-0.09009845,870
FastCharge_000065_CH34_structure.json,0.00679687,-0.08962176,842
FastCharge_000066_CH25_structure.json,0.005425058,-0.078714177,1017
FastCharge_000066_CH26_structure.json,0.006972534,-0.089730676,854
FastCharge_000067_CH41_structure.json,0.00625394,-0.081396025,617
FastCharge_000067_CH42_structure.json,0.00716754,-0.089624825,625
FastCharge_000068_CH38_structure.json,0.012246654,-0.117089513,503
FastCharge_000069_CH25_structure.json,0.011831229,-0.116378029,542
FastCharge_000070_CH46_structure.json,0.013209103,-0.123640284,515
FastCharge_000071_CH40_structure.json,0.011572107,-0.114059105,481
FastCharge_000072_CH34_structure.json,0.011590926,-0.114468481,547
FastCharge_000073_CH35_structure.json,0.008483272,-0.098090142,527
